date,unique_ips
2026-07-08,60173
2026-07-09,61572
2026-07-10,59836
2026-07-11,57143
2026-07-12,53194
2026-07-13,53114
2026-07-14,52365
2026-07-15,52278
2026-07-16,52515
2026-07-17,57097
2026-07-18,55344
2026-07-19,49938
2026-07-20,50598
2026-07-21,52493
2026-07-22,56530
2026-07-23,56340
2026-07-24,51674
2026-07-25,52813
2026-07-26,51066
2026-07-27,50248
2026-07-28,51276
2026-07-29,55331
2026-07-30,56310
2026-07-31,50977
2026-08-01,49958
2026-08-02,50059
2026-08-03,50224
2026-08-04,52274
2026-08-05,52289
2026-08-06,55189
2026-08-07,58508
2026-08-08,53847
2026-08-09,49898
2026-08-10,50399
2026-08-11,57610
2026-08-12,60197
2026-08-13,55989
2026-08-14,55126
2026-08-15,52294
2026-08-16,50432
2026-08-17,52479
2026-08-18,54320
2026-08-19,52539
2026-08-20,52401
2026-08-21,51791
2026-08-22,53224
2026-08-23,52669
2026-08-24,53096
2026-08-25,54150
2026-08-26,53304
2026-08-27,54200
2026-08-28,60942
2026-08-29,60043
2026-08-30,53454
2026-08-31,52816
2026-09-01,59280
2026-09-02,57974
2026-09-03,57775
2026-09-04,57593
2026-09-05,55576
