date,unique_ips
2025-08-13,52175
2025-08-14,51997
2025-08-15,52726
2025-08-16,50469
2025-08-17,51025
2025-08-18,52793
2025-08-19,54828
2025-08-20,54416
2025-08-21,53777
2025-08-22,53268
2025-08-23,51617
2025-08-24,50248
2025-08-25,50876
2025-08-26,51928
2025-08-27,52319
2025-08-28,53344
2025-08-29,52168
2025-08-30,51231
2025-08-31,50413
2025-09-01,51160
2025-09-02,52447
2025-09-03,54293
2025-09-04,54607
2025-09-05,52961
2025-09-06,50896
2025-09-07,50708
2025-09-08,52497
2025-09-09,55033
2025-09-10,55608
2025-09-11,54760
2025-09-12,53969
2025-09-13,52820
2025-09-14,52432
2025-09-15,51965
2025-09-16,53804
2025-09-17,53265
2025-09-18,54016
2025-09-19,53939
2025-09-20,51955
2025-09-21,50703
2025-09-22,52680
2025-09-23,54729
2025-09-24,54579
2025-09-25,54221
2025-09-26,53122
2025-09-27,51150
2025-09-28,50705
2025-09-29,51765
2025-09-30,52844
2025-10-01,52344
2025-10-02,51785
2025-10-03,50996
2025-10-04,50434
2025-10-05,50193
2025-10-06,51881
2025-10-07,53336
2025-10-08,54014
2025-10-09,54892
2025-10-10,54799
2025-10-11,52235
