date,unique_domains
2026-09-10,560369
2026-09-11,560656
2026-09-12,560058
2026-09-13,559487
2026-09-14,561264
2026-09-15,562500
2026-09-16,564299
2026-09-17,564146
2026-09-18,564540
2026-09-19,563645
2026-09-20,563022
2026-09-21,564390
2026-09-22,564732
2026-09-23,565792
2026-09-24,565738
2026-09-25,565949
2026-09-26,565057
2026-09-27,552839
2026-09-28,558452
2026-09-29,558884
2026-09-30,560139
2026-10-01,557750
2026-10-02,557422
2026-10-03,556463
2026-10-04,556394
2026-10-05,557778
2026-10-06,558148
2026-10-07,558094
2026-10-08,557670
2026-10-09,558299
2026-10-10,558226
